Title,Description Text,Description Summary
Xianto Lingyang Plastic Co. LTD,Xianto Lingyang Plastic Co. LTD,Xianto Lingyang Plastic Co. LTD
Moldex,Moldex,Moldex
Kimberly-Clark,Kimberly-Clark,Kimberly-Clark
Honeywell,Honeywell,Honeywell
PIP,PIP,PIP
Certified Safety,Certified Safety,Certified Safety
Gerson,Gerson,Gerson
Curad,Curad,Curad
Medline,Medline,Medline
3M,3M,3M
RGL,RGL,RGL
PSP,PSP,PSP
Copan Diagnostics,Copan Diagnostics,Copan Diagnostics
Puritan,Puritan,Puritan
BD BBL,BD BBL,BD BBL
Germaine Laboratories Inc,Germaine Laboratories Inc,Germaine Laboratories Inc
Quidel,Quidel,Quidel
Bullard,Bullard,Bullard
Highmark,Highmark,Highmark
Gojo,Gojo,Gojo
"Best Sanitizers, Inc","Best Sanitizers, Inc","Best Sanitizers, Inc"
Vionexus,Vionexus,Vionexus
Hywean,Hywean,Hywean
Artnaturals,Artnaturals,Artnaturals
Betco,Betco,Betco
Johnson & Johnson,Johnson & Johnson,Johnson & Johnson
P&G,P&G,P&G
McKesson,McKesson,McKesson
Lion Corporation,Lion Corporation,Lion Corporation
Unilever,Unilever,Unilever
Various Manufacturers,Various Manufacturers,Various Manufacturers
Vi - Jon,Vi - Jon,Vi - Jon
Invacare,Invacare,Invacare
Apotheca Sundries Mfg. Co,Apotheca Sundries Mfg. Co,Apotheca Sundries Mfg. Co
Bar Code India Ltd.,Bar Code India Ltd.,Bar Code India Ltd.
Cargill,Cargill,Cargill
The Clorox Company,The Clorox Company,The Clorox Company
Contec Inc.,Contec Inc.,Contec Inc.
"Diversey, Inc.","Diversey, Inc.","Diversey, Inc."
DuPont,DuPont,DuPont
Grove,Grove,Grove
Henkel,Henkel,Henkel
ECOLAB INC,ECOLAB INC,ECOLAB INC
MEDLINE INDUSTRIES INC,MEDLINE INDUSTRIES INC,MEDLINE INDUSTRIES INC
METREX,METREX,METREX
Dukal Corporation,Dukal Corporation,Dukal Corporation
Pro-Safe,Pro-Safe,Pro-Safe
Tyvek,Tyvek,Tyvek
Vigorun,Vigorun,Vigorun
Condor,Condor,Condor
West Chester Protective Gear,West Chester Protective Gear,West Chester Protective Gear
Cellucap,Cellucap,Cellucap
Action Chemical,Action Chemical,Action Chemical
Ansell,Ansell,Ansell
ProShield 10,ProShield 11,ProShield 12
Edge,Edge,Edge
Kleenguard,Kleenguard,Kleenguard
Safety Zone,Safety Zone,Safety Zone
West Chester,West Chester,West Chester
ValuMax,ValuMax,ValuMax
Keystone,Keystone,Keystone
Liberty Glove,Liberty Glove,Liberty Glove
PermaGard,PermaGard,PermaGard
SafeWear,SafeWear,SafeWear
American Health & Safety,American Health & Safety,American Health & Safety
Malt by Impact,Malt by Impact,Malt by Impact